book_page,found_in,from_knowl,demo_url,downloaded
https://textbooks.math.gatech.edu/ila/bases-as-coord-systems.html,,no,"https://textbooks.math.gatech.edu/ila/demos/Axequalsb.html?captions=basis&mat=2,1:-1,0:1,-1&range2=5&vers=224734",yes
https://textbooks.math.gatech.edu/ila/bases-as-coord-systems.html,https://textbooks.math.gatech.edu/ila/knowl/example-72-hidden.html,yes,"https://textbooks.math.gatech.edu/ila/demos/spans.html?v1=1,1&v2=1,-1&target=3,-1&range=6&&tlabel=w&vers=224734",yes
https://textbooks.math.gatech.edu/ila/bases-as-coord-systems.html,https://textbooks.math.gatech.edu/ila/knowl/example-73-hidden.html,yes,"https://textbooks.math.gatech.edu/ila/demos/spans.html?v1=1,0,1&v2=1,1,1&target=5,3,5&range=6&camera=-3,0,2&tlabel=v&vers=224734",yes
https://textbooks.math.gatech.edu/ila/bases-as-coord-systems.html,https://textbooks.math.gatech.edu/ila/knowl/example-74-hidden.html,yes,"https://textbooks.math.gatech.edu/ila/demos/spans.html?v1=2,3,2&v2=-1,1,1&target=4,11,8&tlabel=x&range=12&camera=.5,-3,2&tlabel=x&vers=224734",yes
https://textbooks.math.gatech.edu/ila/chap-eigenvalues.html,,no,https://textbooks.math.gatech.edu/ila/demos/rabbits/book_demo.html?vers=224734,yes
https://textbooks.math.gatech.edu/ila/characteristic-polynomial.html,https://textbooks.math.gatech.edu/ila/knowl/example-190-hidden.html,yes,"https://textbooks.math.gatech.edu/ila/demos/eigenspace.html?mat=5,2:2,1&nomult&vers=224734",yes
https://textbooks.math.gatech.edu/ila/characteristic-polynomial.html,https://textbooks.math.gatech.edu/ila/knowl/example-191-hidden.html,yes,"https://textbooks.math.gatech.edu/ila/demos/eigenspace.html?mat=0,6,8:1/2,0,0:0,1/2,0&nomult&vers=224734",yes
https://textbooks.math.gatech.edu/ila/complex-eigenvalues.html,https://textbooks.math.gatech.edu/ila/knowl/cplx-evals-rot-scale-1-hidden.html,yes,"https://textbooks.math.gatech.edu/ila/demos/twobytwo.html?mat=1,-1,1,1&closed=true&pic=theo5.jpg&vers=224734",yes
https://textbooks.math.gatech.edu/ila/complex-eigenvalues.html,https://textbooks.math.gatech.edu/ila/knowl/cplx-evals-rot-scale-2-hidden.html,yes,"https://textbooks.math.gatech.edu/ila/demos/twobytwo.html?mat=-sqrt(3),-1,1,-sqrt(3)&closed=true&pic=theo1.jpg&vers=224734",yes
https://textbooks.math.gatech.edu/ila/complex-eigenvalues.html,https://textbooks.math.gatech.edu/ila/knowl/cplx-evals-rot-scale-2.html,yes,"https://textbooks.math.gatech.edu/ila/demos/twobytwo.html?mat=-sqrt(3),-1,1,-sqrt(3)&closed=true&pic=theo1.jpg&vers=224734",yes
https://textbooks.math.gatech.edu/ila/complex-eigenvalues.html,https://textbooks.math.gatech.edu/ila/knowl/example-232-hidden.html,yes,"https://textbooks.math.gatech.edu/ila/demos/dynamics2.html?mat=1,-1:1,1&v1=1,1&v2=0,1&y=0,1&matnames=A,B,C&vers=224734",yes
https://textbooks.math.gatech.edu/ila/complex-eigenvalues.html,https://textbooks.math.gatech.edu/ila/knowl/example-233-hidden.html,yes,"https://textbooks.math.gatech.edu/ila/demos/dynamics2.html?mat=-sqrt(3),-1:1,-sqrt(3)&v1=2,1&v2=0,1&y=0,1&matnames=A,B,C&vers=224734",yes
https://textbooks.math.gatech.edu/ila/complex-eigenvalues.html,https://textbooks.math.gatech.edu/ila/knowl/example-234-hidden.html,yes,"https://textbooks.math.gatech.edu/ila/demos/dynamics2.html?mat=sqrt(3/2),-1/sqrt(2):1/sqrt(2),sqrt(3/2)&v1=2,1&v2=0,1&y=0,1&matnames=A,B,C&vers=224734",yes
https://textbooks.math.gatech.edu/ila/complex-eigenvalues.html,https://textbooks.math.gatech.edu/ila/knowl/example-235-hidden.html,yes,"https://textbooks.math.gatech.edu/ila/demos/dynamics2.html?mat=sqrt(3)/2,-1/2:1/2,sqrt(3)/2&v1=2,1&v2=0,1&y=0,5&matnames=A,B,C&vers=224734",yes
https://textbooks.math.gatech.edu/ila/complex-eigenvalues.html,https://textbooks.math.gatech.edu/ila/knowl/example-236-hidden.html,yes,"https://textbooks.math.gatech.edu/ila/demos/dynamics2.html?mat=sqrt(3/8),-1/sqrt(8):1/sqrt(8),sqrt(3/8)&v1=2,1&v2=0,1&y=0,9&matnames=A,B,C&vers=224734",yes
https://textbooks.math.gatech.edu/ila/complex-eigenvalues.html,https://textbooks.math.gatech.edu/ila/knowl/example-237-hidden.html,yes,"https://textbooks.math.gatech.edu/ila/demos/dynamics2.html?mat=1,-1:1,1&eigenz=2&v1=-7/6,2/6,5/6&v2=-1/6,-9/6,0&v3=2/6,-1/6,3/6&y=1,0,.5&matnames=A,B,C&vers=224734",yes
https://textbooks.math.gatech.edu/ila/complex-eigenvalues.html,https://textbooks.math.gatech.edu/ila/knowl/similarity-eg-rotation.html,yes,"https://textbooks.math.gatech.edu/ila/demos/similarity.html?B=0,-1:1,0&C=2,-1/2:1,1/2&snap=off&vers=224734",yes
https://textbooks.math.gatech.edu/ila/diagonalization.html,https://textbooks.math.gatech.edu/ila/knowl/diag-eg-33-nondiag-hidden.html,yes,"https://textbooks.math.gatech.edu/ila/demos/eigenspace.html?mat=1,1,0:0,1,0:0,0,2&nomult&vers=224734",yes
https://textbooks.math.gatech.edu/ila/diagonalization.html,https://textbooks.math.gatech.edu/ila/knowl/diag-eg-33-nondiag.html,yes,"https://textbooks.math.gatech.edu/ila/demos/eigenspace.html?mat=1,1,0:0,1,0:0,0,2&nomult&vers=224734",yes
https://textbooks.math.gatech.edu/ila/diagonalization.html,https://textbooks.math.gatech.edu/ila/knowl/diag-eg-proj-hidden.html,yes,"https://textbooks.math.gatech.edu/ila/demos/eigenspace.html?mat=25/26,5/26:5/26,1/26&nomult&vers=224734",yes
https://textbooks.math.gatech.edu/ila/diagonalization.html,https://textbooks.math.gatech.edu/ila/knowl/diag-eg-rotation-hidden.html,yes,"https://textbooks.math.gatech.edu/ila/demos/eigenspace.html?mat=0,-1:1,0&nospace&vers=224734",yes
https://textbooks.math.gatech.edu/ila/diagonalization.html,https://textbooks.math.gatech.edu/ila/knowl/diag-eg-shear-hidden.html,yes,"https://textbooks.math.gatech.edu/ila/demos/eigenspace.html?mat=1,1:0,1&nomult&vers=224734",yes
https://textbooks.math.gatech.edu/ila/diagonalization.html,https://textbooks.math.gatech.edu/ila/knowl/diag-l1big-l2big-hidden.html,yes,"https://textbooks.math.gatech.edu/ila/demos/dynamics2.html?mat=2,0:0,3&v1=2/3,1&v2=-1,1&y=2,1&vers=224734",yes
https://textbooks.math.gatech.edu/ila/diagonalization.html,https://textbooks.math.gatech.edu/ila/knowl/diagonal-eg-22-hidden.html,yes,"https://textbooks.math.gatech.edu/ila/demos/eigenspace.html?mat=1/2,3/2:3/2,1/2&nomult&vers=224734",yes
https://textbooks.math.gatech.edu/ila/diagonalization.html,https://textbooks.math.gatech.edu/ila/knowl/diagonal-eg-33-hidden.html,yes,"https://textbooks.math.gatech.edu/ila/demos/eigenspace.html?mat=4,-3,0:2,-1,0:1,-1,1&nomult&vers=224734",yes
https://textbooks.math.gatech.edu/ila/diagonalization.html,https://textbooks.math.gatech.edu/ila/knowl/diagonal-eg-33.html,yes,"https://textbooks.math.gatech.edu/ila/demos/eigenspace.html?mat=4,-3,0:2,-1,0:1,-1,1&nomult&vers=224734",yes
https://textbooks.math.gatech.edu/ila/diagonalization.html,https://textbooks.math.gatech.edu/ila/knowl/example-215-hidden.html,yes,"https://textbooks.math.gatech.edu/ila/demos/dynamics2.html?mat=2,0:0,1/2&v1=2/3,1&v2=-1,1&y=1,5&vers=224734",yes
https://textbooks.math.gatech.edu/ila/diagonalization.html,https://textbooks.math.gatech.edu/ila/knowl/example-217-hidden.html,yes,"https://textbooks.math.gatech.edu/ila/demos/dynamics2.html?mat=1/2,0:0,1/3&v1=2/3,1&v2=-1,1&y=9,3&vers=224734",yes
https://textbooks.math.gatech.edu/ila/diagonalization.html,https://textbooks.math.gatech.edu/ila/knowl/example-218-hidden.html,yes,"https://textbooks.math.gatech.edu/ila/demos/dynamics2.html?mat=1,0:0,1/2&v1=-1,1&v2=1/2,1&y=2,7&vers=224734",yes
https://textbooks.math.gatech.edu/ila/diagonalization.html,https://textbooks.math.gatech.edu/ila/knowl/example-219-hidden.html,yes,"https://textbooks.math.gatech.edu/ila/demos/dynamics2.html?mat=1/2,0:0,2&eigenz=3/2&v1=-7/6,2/6,5/6&v2=-1/6,-9/6,0&v3=2/6,-1/6,3/6&y=8,1,1&vers=224734",yes
https://textbooks.math.gatech.edu/ila/diagonalization.html,https://textbooks.math.gatech.edu/ila/knowl/example-220-hidden.html,yes,"https://textbooks.math.gatech.edu/ila/demos/eigenspace.html?mat=1,0:0,1&vers=224734",yes
https://textbooks.math.gatech.edu/ila/diagonalization.html,https://textbooks.math.gatech.edu/ila/knowl/example-220-hidden.html,yes,"https://textbooks.math.gatech.edu/ila/demos/eigenspace.html?mat=1,1:0,1&vers=224734",yes
https://textbooks.math.gatech.edu/ila/diagonalization.html,https://textbooks.math.gatech.edu/ila/knowl/example-221-hidden.html,yes,"https://textbooks.math.gatech.edu/ila/demos/eigenspace.html?mat=1,1,0:0,1,0:0,0,2&vers=224734",yes
https://textbooks.math.gatech.edu/ila/diagonalization.html,https://textbooks.math.gatech.edu/ila/knowl/example-221-hidden.html,yes,"https://textbooks.math.gatech.edu/ila/demos/eigenspace.html?mat=4,-3,0:2,-1,0:1,-1,1&vers=224734",yes
https://textbooks.math.gatech.edu/ila/diagonalization.html,https://textbooks.math.gatech.edu/ila/knowl/example-223-hidden.html,yes,"https://textbooks.math.gatech.edu/ila/demos/similarity.html?C=1,0,3:1,0,2:0,1,1&B=1,0,0:0,1,0:0,0,2&vers=224734",yes
https://textbooks.math.gatech.edu/ila/dimension.html,https://textbooks.math.gatech.edu/ila/knowl/dimension-eg-basis-span-hidden.html,yes,"https://textbooks.math.gatech.edu/ila/demos/spans.html?v1=1,-2,2&v2=2,-3,4&range=6&captions=indep&vers=224734",yes
https://textbooks.math.gatech.edu/ila/dimension.html,https://textbooks.math.gatech.edu/ila/knowl/dimension-eg-basis-span.html,yes,"https://textbooks.math.gatech.edu/ila/demos/spans.html?v1=1,-2,2&v2=2,-3,4&range=6&captions=indep&vers=224734",yes
https://textbooks.math.gatech.edu/ila/dimension.html,https://textbooks.math.gatech.edu/ila/knowl/dimension-eg-basis-span2-hidden.html,yes,"https://textbooks.math.gatech.edu/ila/demos/spans.html?v1=0,4,0&v2=-1,5,-2&range=6&captions=indep&vers=224734",yes
https://textbooks.math.gatech.edu/ila/dimension.html,https://textbooks.math.gatech.edu/ila/knowl/dimension-eg-basis-span2.html,yes,"https://textbooks.math.gatech.edu/ila/demos/spans.html?v1=0,4,0&v2=-1,5,-2&range=6&captions=indep&vers=224734",yes
https://textbooks.math.gatech.edu/ila/dimension.html,https://textbooks.math.gatech.edu/ila/knowl/example-66-hidden.html,yes,"https://textbooks.math.gatech.edu/ila/demos/spans.html?v1=-3,1,0&v2=0,1,-3&range=5&captions=indep&vers=224734",yes
https://textbooks.math.gatech.edu/ila/dimension.html,https://textbooks.math.gatech.edu/ila/knowl/example-70-hidden.html,yes,"https://textbooks.math.gatech.edu/ila/demos/spans.html?v1=3,-5,6&v2=-2,5,-4&range=6&captions=indep&labels=w1,w2&vers=224734",yes
https://textbooks.math.gatech.edu/ila/eigenvectors.html,,no,"https://textbooks.math.gatech.edu/ila/demos/eigenspace.html?mat=0,-1:-1,0&nospace&vers=224734",yes
https://textbooks.math.gatech.edu/ila/eigenvectors.html,https://textbooks.math.gatech.edu/ila/knowl/evec-eg-projection-hidden.html,yes,"https://textbooks.math.gatech.edu/ila/demos/eigenspace.html?mat=1,0:0,0&nospace&vers=224734",yes
https://textbooks.math.gatech.edu/ila/eigenvectors.html,https://textbooks.math.gatech.edu/ila/knowl/evecs-eg-rotation-hidden.html,yes,"https://textbooks.math.gatech.edu/ila/demos/eigenspace.html?mat=0,-1:1,0&nospace&vers=224734",yes
https://textbooks.math.gatech.edu/ila/eigenvectors.html,https://textbooks.math.gatech.edu/ila/knowl/evecs-eg-shear-hidden.html,yes,"https://textbooks.math.gatech.edu/ila/demos/eigenspace.html?mat=1,1:0,1&nospace&vers=224734",yes
https://textbooks.math.gatech.edu/ila/eigenvectors.html,https://textbooks.math.gatech.edu/ila/knowl/example-181-hidden.html,yes,"https://textbooks.math.gatech.edu/ila/demos/eigenspace.html?mat=1,0:0,1&nospace&vers=224734",yes
https://textbooks.math.gatech.edu/ila/eigenvectors.html,https://textbooks.math.gatech.edu/ila/knowl/example-182-hidden.html,yes,"https://textbooks.math.gatech.edu/ila/demos/eigenspace.html?mat=1.5,0:0,1.5&nospace&vers=224734",yes
https://textbooks.math.gatech.edu/ila/eigenvectors.html,https://textbooks.math.gatech.edu/ila/knowl/example-185-hidden.html,yes,"https://textbooks.math.gatech.edu/ila/demos/eigenspace.html?mat=2,-4:-1,-1&nomult&vers=224734",yes
https://textbooks.math.gatech.edu/ila/eigenvectors.html,https://textbooks.math.gatech.edu/ila/knowl/example-186-hidden.html,yes,"https://textbooks.math.gatech.edu/ila/demos/eigenspace.html?mat=7/2,0,3:-3/2,2,-3:-3/2,0,-1&nomult&vers=224734",yes
https://textbooks.math.gatech.edu/ila/eigenvectors.html,https://textbooks.math.gatech.edu/ila/knowl/example-187-hidden.html,yes,"https://textbooks.math.gatech.edu/ila/demos/eigenspace.html?mat=0,-1:-1,0&nomult&vers=224734",yes
https://textbooks.math.gatech.edu/ila/index-1.html,https://textbooks.math.gatech.edu/ila/knowl/cplx-evals-rot-scale-1.html,yes,"https://textbooks.math.gatech.edu/ila/demos/twobytwo.html?mat=1,-1,1,1&closed=true&pic=theo5.jpg&vers=224734",yes
https://textbooks.math.gatech.edu/ila/index-1.html,https://textbooks.math.gatech.edu/ila/knowl/diag-eg-proj.html,yes,"https://textbooks.math.gatech.edu/ila/demos/eigenspace.html?mat=25/26,5/26:5/26,1/26&nomult&vers=224734",yes
https://textbooks.math.gatech.edu/ila/index-1.html,https://textbooks.math.gatech.edu/ila/knowl/diag-eg-rotation.html,yes,"https://textbooks.math.gatech.edu/ila/demos/eigenspace.html?mat=0,-1:1,0&nospace&vers=224734",yes
https://textbooks.math.gatech.edu/ila/index-1.html,https://textbooks.math.gatech.edu/ila/knowl/diag-eg-shear.html,yes,"https://textbooks.math.gatech.edu/ila/demos/eigenspace.html?mat=1,1:0,1&nomult&vers=224734",yes
https://textbooks.math.gatech.edu/ila/index-1.html,https://textbooks.math.gatech.edu/ila/knowl/diag-l1big-l2big.html,yes,"https://textbooks.math.gatech.edu/ila/demos/dynamics2.html?mat=2,0:0,3&v1=2/3,1&v2=-1,1&y=2,1&vers=224734",yes
https://textbooks.math.gatech.edu/ila/index-1.html,https://textbooks.math.gatech.edu/ila/knowl/evec-eg-projection.html,yes,"https://textbooks.math.gatech.edu/ila/demos/eigenspace.html?mat=1,0:0,0&nospace&vers=224734",yes
https://textbooks.math.gatech.edu/ila/index-1.html,https://textbooks.math.gatech.edu/ila/knowl/evec-eg-reflection.html,yes,"https://textbooks.math.gatech.edu/ila/demos/eigenspace.html?mat=0,-1:-1,0&nospace&vers=224734",yes
https://textbooks.math.gatech.edu/ila/index-1.html,https://textbooks.math.gatech.edu/ila/knowl/evecs-eg-rotation.html,yes,"https://textbooks.math.gatech.edu/ila/demos/eigenspace.html?mat=0,-1:1,0&nospace&vers=224734",yes
https://textbooks.math.gatech.edu/ila/index-1.html,https://textbooks.math.gatech.edu/ila/knowl/evecs-eg-shear.html,yes,"https://textbooks.math.gatech.edu/ila/demos/eigenspace.html?mat=1,1:0,1&nospace&vers=224734",yes
https://textbooks.math.gatech.edu/ila/index-1.html,https://textbooks.math.gatech.edu/ila/knowl/example-144.html,yes,"https://textbooks.math.gatech.edu/ila/demos/compose2d.html?closed&mat1=2/3,0,0,2/3&mat2=1.5,0,0,1.5&show1&vers=224734",yes
https://textbooks.math.gatech.edu/ila/index-1.html,https://textbooks.math.gatech.edu/ila/knowl/example-144.html,yes,"https://textbooks.math.gatech.edu/ila/demos/compose2d.html?closed&mat2=2/3,0,0,2/3&mat1=1.5,0,0,1.5&show1&names=U,T&vers=224734",yes
https://textbooks.math.gatech.edu/ila/index-1.html,https://textbooks.math.gatech.edu/ila/knowl/example-145.html,yes,"https://textbooks.math.gatech.edu/ila/demos/compose2d.html?closed&mat1=1/sqrt(2),-1/sqrt(2),1/sqrt(2),1/sqrt(2)&mat2=1/sqrt(2),1/sqrt(2),-1/sqrt(2),1/sqrt(2)&show1&names=U,T&vers=224734",yes
https://textbooks.math.gatech.edu/ila/index-1.html,https://textbooks.math.gatech.edu/ila/knowl/example-145.html,yes,"https://textbooks.math.gatech.edu/ila/demos/compose2d.html?closed&mat2=1/sqrt(2),-1/sqrt(2),1/sqrt(2),1/sqrt(2)&mat1=1/sqrt(2),1/sqrt(2),-1/sqrt(2),1/sqrt(2)&show1&vers=224734",yes
https://textbooks.math.gatech.edu/ila/index-1.html,https://textbooks.math.gatech.edu/ila/knowl/example-146.html,yes,"https://textbooks.math.gatech.edu/ila/demos/compose2d.html?closed=true&mat1=-1,0,0,1&mat2=-1,0,0,1&show1&names=T,T",yes
https://textbooks.math.gatech.edu/ila/index-1.html,https://textbooks.math.gatech.edu/ila/knowl/example-147.html,yes,"https://textbooks.math.gatech.edu/ila/demos/Axequalsb.html?mat=1,0,0:0,1,0:0,0,0&range2=5&closed=true&show=true&vers=224734",yes
https://textbooks.math.gatech.edu/ila/index-1.html,https://textbooks.math.gatech.edu/ila/knowl/example-181.html,yes,"https://textbooks.math.gatech.edu/ila/demos/eigenspace.html?mat=1,0:0,1&nospace&vers=224734",yes
https://textbooks.math.gatech.edu/ila/index-1.html,https://textbooks.math.gatech.edu/ila/knowl/example-182.html,yes,"https://textbooks.math.gatech.edu/ila/demos/eigenspace.html?mat=1.5,0:0,1.5&nospace&vers=224734",yes
https://textbooks.math.gatech.edu/ila/index-1.html,https://textbooks.math.gatech.edu/ila/knowl/example-187.html,yes,"https://textbooks.math.gatech.edu/ila/demos/eigenspace.html?mat=0,-1:-1,0&nomult&vers=224734",yes
https://textbooks.math.gatech.edu/ila/index-1.html,https://textbooks.math.gatech.edu/ila/knowl/example-215.html,yes,"https://textbooks.math.gatech.edu/ila/demos/dynamics2.html?mat=2,0:0,1/2&v1=2/3,1&v2=-1,1&y=1,5&vers=224734",yes
https://textbooks.math.gatech.edu/ila/index-1.html,https://textbooks.math.gatech.edu/ila/knowl/example-217.html,yes,"https://textbooks.math.gatech.edu/ila/demos/dynamics2.html?mat=1/2,0:0,1/3&v1=2/3,1&v2=-1,1&y=9,3&vers=224734",yes
https://textbooks.math.gatech.edu/ila/index-1.html,https://textbooks.math.gatech.edu/ila/knowl/example-218.html,yes,"https://textbooks.math.gatech.edu/ila/demos/dynamics2.html?mat=1,0:0,1/2&v1=-1,1&v2=1/2,1&y=2,7&vers=224734",yes
https://textbooks.math.gatech.edu/ila/index-1.html,https://textbooks.math.gatech.edu/ila/knowl/example-220.html,yes,"https://textbooks.math.gatech.edu/ila/demos/eigenspace.html?mat=1,0:0,1&vers=224734",yes
https://textbooks.math.gatech.edu/ila/index-1.html,https://textbooks.math.gatech.edu/ila/knowl/example-220.html,yes,"https://textbooks.math.gatech.edu/ila/demos/eigenspace.html?mat=1,1:0,1&vers=224734",yes
https://textbooks.math.gatech.edu/ila/index-1.html,https://textbooks.math.gatech.edu/ila/knowl/example-234.html,yes,"https://textbooks.math.gatech.edu/ila/demos/dynamics2.html?mat=sqrt(3/2),-1/sqrt(2):1/sqrt(2),sqrt(3/2)&v1=2,1&v2=0,1&y=0,1&matnames=A,B,C&vers=224734",yes
https://textbooks.math.gatech.edu/ila/index-1.html,https://textbooks.math.gatech.edu/ila/knowl/example-235.html,yes,"https://textbooks.math.gatech.edu/ila/demos/dynamics2.html?mat=sqrt(3)/2,-1/2:1/2,sqrt(3)/2&v1=2,1&v2=0,1&y=0,5&matnames=A,B,C&vers=224734",yes
https://textbooks.math.gatech.edu/ila/index-1.html,https://textbooks.math.gatech.edu/ila/knowl/example-236.html,yes,"https://textbooks.math.gatech.edu/ila/demos/dynamics2.html?mat=sqrt(3/8),-1/sqrt(8):1/sqrt(8),sqrt(3/8)&v1=2,1&v2=0,1&y=0,9&matnames=A,B,C&vers=224734",yes
https://textbooks.math.gatech.edu/ila/index-1.html,https://textbooks.math.gatech.edu/ila/knowl/example-237.html,yes,"https://textbooks.math.gatech.edu/ila/demos/dynamics2.html?mat=1,-1:1,1&eigenz=2&v1=-7/6,2/6,5/6&v2=-1/6,-9/6,0&v3=2/6,-1/6,3/6&y=1,0,.5&matnames=A,B,C&vers=224734",yes
https://textbooks.math.gatech.edu/ila/index-1.html,https://textbooks.math.gatech.edu/ila/knowl/example-276.html,yes,"https://textbooks.math.gatech.edu/ila/demos/projection.html?u1=1,0,0&u2=0,1,0&labels=e1,e2&vec=-1.1,2,1.5&range=3&closed&vers=224734",yes
https://textbooks.math.gatech.edu/ila/index-1.html,https://textbooks.math.gatech.edu/ila/knowl/example-289.html,yes,"https://textbooks.math.gatech.edu/ila/demos/bestfit.html?func=A*x%5E2+B*x+C&v1=-1,.5&v2=1,-1&v3=2,-.5&v4=3,2&range=5&vers=224734",yes
https://textbooks.math.gatech.edu/ila/index-1.html,https://textbooks.math.gatech.edu/ila/knowl/example-291.html,yes,"https://textbooks.math.gatech.edu/ila/demos/bestfit.html?func=A+B*cos(x)+C*sin(x)+D*cos(2*x)+EE*sin(2*x)+F*cos(3*x)+G*sin(3*x)&v1=-4,-1&v2=-3,0&v3=-2,-1.5&v4=-1,.5&v5=0,1&v6=1,-1&v7=2,-.5&v8=3,2&v9=4,-1&range=5&vers=224734",yes
https://textbooks.math.gatech.edu/ila/index-1.html,https://textbooks.math.gatech.edu/ila/knowl/example-292.html,yes,"https://textbooks.math.gatech.edu/ila/demos/bestfit-implicit.html?func=x%5E2+A*y%5E2+B*x*y+C*x+D*y+EE&v1=0,2&v2=2,1&v3=1,-1&v4=-1,-2&v5=-3,1&v6=-1,1&range=5&rangez=25&camera1=-2.14,.814,1.69&vers=224734",yes
https://textbooks.math.gatech.edu/ila/index-1.html,https://textbooks.math.gatech.edu/ila/knowl/figure-134.html,yes,"https://textbooks.math.gatech.edu/ila/demos/dynamics2.html?mat=1,0:0,1/2&v1=1,1&v2=1,-1&vec=false&path=false&vers=224734",yes
https://textbooks.math.gatech.edu/ila/index-1.html,https://textbooks.math.gatech.edu/ila/knowl/figure-135.html,yes,"https://textbooks.math.gatech.edu/ila/demos/dynamics2.html?mat=1,0:0,-1/5&eigenz=1/10&v1=7/4,6/4,5/4&v2=-1/4,0,1/4&v3=1/4,-3/4,2/4&vec=false&path=false&vers=224734",yes
https://textbooks.math.gatech.edu/ila/index-1.html,https://textbooks.math.gatech.edu/ila/knowl/leastsquares-linear-eg.html,yes,"https://textbooks.math.gatech.edu/ila/demos/bestfit.html?func=A*x+B*y+C&v1=1,0,0&v2=0,1,1&v3=-1,0,3&v4=0,-1,4&range=5&vers=224734",yes
https://textbooks.math.gatech.edu/ila/index-1.html,https://textbooks.math.gatech.edu/ila/knowl/matrix-trans-eg-dilation.html,yes,"https://textbooks.math.gatech.edu/ila/demos/twobytwo.html?mat=1.5,0,0,1.5&closed=true&pic=theo3.jpg&vers=224734",yes
https://textbooks.math.gatech.edu/ila/index-1.html,https://textbooks.math.gatech.edu/ila/knowl/matrix-trans-eg-identity.html,yes,"https://textbooks.math.gatech.edu/ila/demos/twobytwo.html?mat=1,0,0,1&closed=true&pic=theo11.jpg&vers=224734",yes
https://textbooks.math.gatech.edu/ila/index-1.html,https://textbooks.math.gatech.edu/ila/knowl/matrix-trans-eg-projection.html,yes,"https://textbooks.math.gatech.edu/ila/demos/Axequalsb.html?mat=1,0,0:0,1,0:0,0,0&range2=5&closed=true&vers=224734",yes
https://textbooks.math.gatech.edu/ila/index-1.html,https://textbooks.math.gatech.edu/ila/knowl/matrix-trans-eg-reflection.html,yes,"https://textbooks.math.gatech.edu/ila/demos/twobytwo.html?mat=-1,0,0,1&closed=true&vers=224734",yes
https://textbooks.math.gatech.edu/ila/index-1.html,https://textbooks.math.gatech.edu/ila/knowl/matrix-trans-eg-rotation.html,yes,"https://textbooks.math.gatech.edu/ila/demos/twobytwo.html?mat=0,-1,1,0&closed=true&pic=theo8.jpg&vers=224734",yes
https://textbooks.math.gatech.edu/ila/index-1.html,https://textbooks.math.gatech.edu/ila/knowl/matrix-trans-shear.html,yes,"https://textbooks.math.gatech.edu/ila/demos/twobytwo.html?mat=1,1,0,1&closed=true&pic=sheep.jpg&vers=224734",yes
https://textbooks.math.gatech.edu/ila/index-1.html,https://textbooks.math.gatech.edu/ila/knowl/paragraphs-25.html,yes,"https://textbooks.math.gatech.edu/ila/demos/leastsquares.html?v1=0,1,0&v2=1.1,0,-.2&range=2&vec=1.4,-1.1,1.45&vers=224734",yes
https://textbooks.math.gatech.edu/ila/index-1.html,https://textbooks.math.gatech.edu/ila/knowl/similarity-worked-eg.html,yes,"https://textbooks.math.gatech.edu/ila/demos/similarity.html?B=2,0:0,-1&C=1,1:1,-1&closed&vers=224734",yes
https://textbooks.math.gatech.edu/ila/index-1.html,https://textbooks.math.gatech.edu/ila/knowl/specialcase-13.html,yes,https://textbooks.math.gatech.edu/ila/demos/parametric2.html?vers=224734,yes
https://textbooks.math.gatech.edu/ila/index-1.html,https://textbooks.math.gatech.edu/ila/knowl/specialcase-14.html,yes,"https://textbooks.math.gatech.edu/ila/demos/plane.html?coeffs=t,w&range=5&vers=224734",yes
https://textbooks.math.gatech.edu/ila/index-1.html,https://textbooks.math.gatech.edu/ila/knowl/specialcase-25.html,yes,"https://textbooks.math.gatech.edu/ila/demos/Axequalsb.html?captions=basis&mat=2,1:-1,0:1,-1&range2=5&vers=224734",yes
https://textbooks.math.gatech.edu/ila/index-1.html,https://textbooks.math.gatech.edu/ila/knowl/stochastic-redbox-eg3.html,yes,"https://textbooks.math.gatech.edu/ila/demos/dynamics2.html?mat=1,0:0,-1/5&eigenz=1/10&v1=7/4,6/4,5/4&v2=-1/4,0,1/4&v3=1/4,-3/4,2/4&vec=false&path=false&vers=224734",yes
https://textbooks.math.gatech.edu/ila/index-1.html,https://textbooks.math.gatech.edu/ila/knowl/vectors-fig-inconsistent.html,yes,"https://textbooks.math.gatech.edu/ila/demos/spans.html?v1=1,2,6&v2=-1,-2,-1&target=2,-2,0&range=8&camera=3,.5,1.5&vers=224734",yes
https://textbooks.math.gatech.edu/ila/least-squares.html,https://textbooks.math.gatech.edu/ila/knowl/example-285-hidden.html,yes,"https://textbooks.math.gatech.edu/ila/demos/leastsquares.html?v1=2,-1,0&v2=0,1,2&vec=1,0,-1&range=3&vers=224734",yes
https://textbooks.math.gatech.edu/ila/least-squares.html,https://textbooks.math.gatech.edu/ila/knowl/example-286-hidden.html,yes,"https://textbooks.math.gatech.edu/ila/demos/leastsquares.html?v1=1,1,1&v2=0,1,2&v3=1,-1,-3&vec=6,0,0&range=6.5&camera=3,-1.5,-.1&vers=224734",yes
https://textbooks.math.gatech.edu/ila/least-squares.html,https://textbooks.math.gatech.edu/ila/knowl/example-288-hidden.html,yes,"https://textbooks.math.gatech.edu/ila/demos/bestfit.html?v1=0,6&v2=1,0&v3=2,0&range=7&vers=224734",yes
https://textbooks.math.gatech.edu/ila/least-squares.html,https://textbooks.math.gatech.edu/ila/knowl/example-289-hidden.html,yes,"https://textbooks.math.gatech.edu/ila/demos/bestfit.html?func=A*x%5E2+B*x+C&v1=-1,.5&v2=1,-1&v3=2,-.5&v4=3,2&range=5&vers=224734",yes
https://textbooks.math.gatech.edu/ila/least-squares.html,https://textbooks.math.gatech.edu/ila/knowl/example-291-hidden.html,yes,"https://textbooks.math.gatech.edu/ila/demos/bestfit.html?func=A+B*cos(x)+C*sin(x)+D*cos(2*x)+EE*sin(2*x)+F*cos(3*x)+G*sin(3*x)&v1=-4,-1&v2=-3,0&v3=-2,-1.5&v4=-1,.5&v5=0,1&v6=1,-1&v7=2,-.5&v8=3,2&v9=4,-1&range=5&vers=224734",yes
https://textbooks.math.gatech.edu/ila/least-squares.html,https://textbooks.math.gatech.edu/ila/knowl/example-292-hidden.html,yes,"https://textbooks.math.gatech.edu/ila/demos/bestfit-implicit.html?func=x%5E2+A*y%5E2+B*x*y+C*x+D*y+EE&v1=0,2&v2=2,1&v3=1,-1&v4=-1,-2&v5=-3,1&v6=-1,1&range=5&rangez=25&camera1=-2.14,.814,1.69&vers=224734",yes
https://textbooks.math.gatech.edu/ila/least-squares.html,https://textbooks.math.gatech.edu/ila/knowl/leastsquares-eg-bestfit-line-a-hidden.html,yes,"https://textbooks.math.gatech.edu/ila/demos/leastsquares.html?v1=0,1,2&v2=1,1,1&range=6.5&vec=6,0,0&camera=3,-1.5,-.1&vers=224734",yes
https://textbooks.math.gatech.edu/ila/least-squares.html,https://textbooks.math.gatech.edu/ila/knowl/leastsquares-eg-bestfit-line-a.html,yes,"https://textbooks.math.gatech.edu/ila/demos/leastsquares.html?v1=0,1,2&v2=1,1,1&range=6.5&vec=6,0,0&camera=3,-1.5,-.1&vers=224734",yes
https://textbooks.math.gatech.edu/ila/least-squares.html,https://textbooks.math.gatech.edu/ila/knowl/leastsquares-linear-eg-hidden.html,yes,"https://textbooks.math.gatech.edu/ila/demos/bestfit.html?func=A*x+B*y+C&v1=1,0,0&v2=0,1,1&v3=-1,0,3&v4=0,-1,4&range=5&vers=224734",yes
https://textbooks.math.gatech.edu/ila/least-squares.html,,no,"https://textbooks.math.gatech.edu/ila/demos/leastsquares.html?v1=0,1,0&v2=1.1,0,-.2&range=2&vec=1.4,-1.1,1.45&vers=224734",yes
https://textbooks.math.gatech.edu/ila/linear-independence.html,https://textbooks.math.gatech.edu/ila/knowl/example-43-hidden.html,yes,"https://textbooks.math.gatech.edu/ila/demos/spans.html?v1=1,1,1&v2=1,-1,2&v3=3,1,4&target=0,0,0&vers=224734",yes
https://textbooks.math.gatech.edu/ila/linear-independence.html,https://textbooks.math.gatech.edu/ila/knowl/example-44-hidden.html,yes,"https://textbooks.math.gatech.edu/ila/demos/spans.html?v1=1,1,-2&v2=1,-1,2&v3=3,1,4&target=0,0,0&range=4&vers=224734",yes
https://textbooks.math.gatech.edu/ila/linear-independence.html,https://textbooks.math.gatech.edu/ila/knowl/example-46-hidden.html,yes,"https://textbooks.math.gatech.edu/ila/demos/spans.html?captions=indep&v1=2,1&v2=-1,-.5&labels=v,w&range=5&showPlane=true&closed&vers=224734",yes
https://textbooks.math.gatech.edu/ila/linear-independence.html,https://textbooks.math.gatech.edu/ila/knowl/example-47-hidden.html,yes,"https://textbooks.math.gatech.edu/ila/demos/spans.html?captions=indep&v1=2,1&v2=-1,-.5&v3=0,-1.5&labels=v,w,u&range=5&showPlane=true&closed&vers=224734",yes
https://textbooks.math.gatech.edu/ila/linear-independence.html,https://textbooks.math.gatech.edu/ila/knowl/example-48-hidden.html,yes,"https://textbooks.math.gatech.edu/ila/demos/spans.html?captions=indep&v1=2,-1,1&v2=1,0,-1&labels=v,w&range=5&closed&vers=224734",yes
https://textbooks.math.gatech.edu/ila/linear-independence.html,https://textbooks.math.gatech.edu/ila/knowl/example-49-hidden.html,yes,"https://textbooks.math.gatech.edu/ila/demos/spans.html?captions=indep&v1=2,-1,1&v2=1,0,-1&v3=.5,-.5,1&labels=v,w,u&range=5&closed&vers=224734",yes
https://textbooks.math.gatech.edu/ila/linear-transformations.html,https://textbooks.math.gatech.edu/ila/knowl/linear-trans-in-steps-hidden.html,yes,https://textbooks.math.gatech.edu/ila/demos/steps.html?vers=224734,yes
https://textbooks.math.gatech.edu/ila/matrix-equations.html,https://textbooks.math.gatech.edu/ila/knowl/example-30-hidden.html,yes,"https://textbooks.math.gatech.edu/ila/demos/spans.html?v1=2,-1,1&v2=1,0,-1&target=0,2,2&range=5&vers=224734",yes
https://textbooks.math.gatech.edu/ila/matrix-equations.html,https://textbooks.math.gatech.edu/ila/knowl/example-31-hidden.html,yes,"https://textbooks.math.gatech.edu/ila/demos/spans.html?v1=2,-1,1&v2=1,0,-1&target=1,-1,2&range=5&vers=224734",yes
https://textbooks.math.gatech.edu/ila/matrix-equations.html,https://textbooks.math.gatech.edu/ila/knowl/example-32-hidden.html,yes,"https://textbooks.math.gatech.edu/ila/demos/Axequalsb.html?mat=2,1,-1:1,0,2&range2=5&show=false&closed=true&vers=224734",yes
https://textbooks.math.gatech.edu/ila/matrix-equations.html,https://textbooks.math.gatech.edu/ila/knowl/example-33-hidden.html,yes,https://textbooks.math.gatech.edu/ila/demos/Axequalsb.html?show=false&closed=true&vers=224734,yes
https://textbooks.math.gatech.edu/ila/matrix-inverses.html,https://textbooks.math.gatech.edu/ila/knowl/example-144-hidden.html,yes,"https://textbooks.math.gatech.edu/ila/demos/compose2d.html?closed&mat1=2/3,0,0,2/3&mat2=1.5,0,0,1.5&show1&vers=224734",yes
https://textbooks.math.gatech.edu/ila/matrix-inverses.html,https://textbooks.math.gatech.edu/ila/knowl/example-144-hidden.html,yes,"https://textbooks.math.gatech.edu/ila/demos/compose2d.html?closed&mat2=2/3,0,0,2/3&mat1=1.5,0,0,1.5&show1&names=U,T&vers=224734",yes
https://textbooks.math.gatech.edu/ila/matrix-inverses.html,https://textbooks.math.gatech.edu/ila/knowl/example-145-hidden.html,yes,"https://textbooks.math.gatech.edu/ila/demos/compose2d.html?closed&mat1=1/sqrt(2),-1/sqrt(2),1/sqrt(2),1/sqrt(2)&mat2=1/sqrt(2),1/sqrt(2),-1/sqrt(2),1/sqrt(2)&show1&names=U,T&vers=224734",yes
https://textbooks.math.gatech.edu/ila/matrix-inverses.html,https://textbooks.math.gatech.edu/ila/knowl/example-145-hidden.html,yes,"https://textbooks.math.gatech.edu/ila/demos/compose2d.html?closed&mat2=1/sqrt(2),-1/sqrt(2),1/sqrt(2),1/sqrt(2)&mat1=1/sqrt(2),1/sqrt(2),-1/sqrt(2),1/sqrt(2)&show1&vers=224734",yes
https://textbooks.math.gatech.edu/ila/matrix-inverses.html,https://textbooks.math.gatech.edu/ila/knowl/example-146-hidden.html,yes,"https://textbooks.math.gatech.edu/ila/demos/compose2d.html?closed=true&mat1=-1,0,0,1&mat2=-1,0,0,1&show1&names=T,T",yes
https://textbooks.math.gatech.edu/ila/matrix-inverses.html,https://textbooks.math.gatech.edu/ila/knowl/example-147-hidden.html,yes,"https://textbooks.math.gatech.edu/ila/demos/Axequalsb.html?mat=1,0,0:0,1,0:0,0,0&range2=5&closed=true&show=true&vers=224734",yes
https://textbooks.math.gatech.edu/ila/matrix-multiplication.html,https://textbooks.math.gatech.edu/ila/knowl/example-124-hidden.html,yes,"https://textbooks.math.gatech.edu/ila/demos/compose3d.html?mat2=1,1,0:0,1,1&mat1=1,0:0,1:1,0&rangeT=off&rangeU=off&rangeTU=off&range=5&closed=true&vers=224734",yes
https://textbooks.math.gatech.edu/ila/matrix-multiplication.html,https://textbooks.math.gatech.edu/ila/knowl/example-125-hidden.html,yes,https://textbooks.math.gatech.edu/ila/demos/steps.html?out=S&vers=224734,yes
https://textbooks.math.gatech.edu/ila/matrix-multiplication.html,https://textbooks.math.gatech.edu/ila/knowl/example-126-hidden.html,yes,"https://textbooks.math.gatech.edu/ila/demos/compose3d.html?mat1=1,0,0:0,1,0:0,0,0&mat2=1,0,0:0,0,0:0,0,1&rangeT=off&rangeU=off&rangeTU=off&range=5&closed=true&vers=224734",yes
https://textbooks.math.gatech.edu/ila/matrix-multiplication.html,https://textbooks.math.gatech.edu/ila/knowl/example-134-hidden.html,yes,"https://textbooks.math.gatech.edu/ila/demos/compose3d.html?mat2=1,1,0:0,1,1&mat1=1,0:0,1:1,0&rangeT=off&rangeU=off&rangeTU=off&range=5&closed=true&vers=224734",yes
https://textbooks.math.gatech.edu/ila/matrix-multiplication.html,https://textbooks.math.gatech.edu/ila/knowl/example-135-hidden.html,yes,"https://textbooks.math.gatech.edu/ila/demos/compose3d.html?mat1=1,0,0:0,1,0:0,0,-1&mat2=0,0,0:0,1,0:0,0,1&rangeT=off&rangeU=off&rangeTU=off&range=5&closed=true&vers=224734",yes
https://textbooks.math.gatech.edu/ila/matrix-multiplication.html,https://textbooks.math.gatech.edu/ila/knowl/linear-trans-in-steps.html,yes,https://textbooks.math.gatech.edu/ila/demos/steps.html?vers=224734,yes
https://textbooks.math.gatech.edu/ila/matrix-multiplication.html,https://textbooks.math.gatech.edu/ila/knowl/matrix-mult-compose-noncom-hidden.html,yes,"https://textbooks.math.gatech.edu/ila/demos/compose2d.html?mat1=1,0,1,1&mat2=1,1,0,1&closed&vec=1,0&show1=on&vers=224734",yes
https://textbooks.math.gatech.edu/ila/matrix-multiplication.html,https://textbooks.math.gatech.edu/ila/knowl/matrix-mult-compose-noncom-hidden.html,yes,"https://textbooks.math.gatech.edu/ila/demos/compose2d.html?mat2=1,0,1,1&mat1=1,1,0,1&closed&vec=1,0&names=U,T&show1=on&vers=224734",yes
https://textbooks.math.gatech.edu/ila/matrix-multiplication.html,https://textbooks.math.gatech.edu/ila/knowl/matrix-mult-compose-noncom.html,yes,"https://textbooks.math.gatech.edu/ila/demos/compose2d.html?mat1=1,0,1,1&mat2=1,1,0,1&closed&vec=1,0&show1=on&vers=224734",yes
https://textbooks.math.gatech.edu/ila/matrix-multiplication.html,https://textbooks.math.gatech.edu/ila/knowl/matrix-mult-compose-noncom.html,yes,"https://textbooks.math.gatech.edu/ila/demos/compose2d.html?mat2=1,0,1,1&mat1=1,1,0,1&closed&vec=1,0&names=U,T&show1=on&vers=224734",yes
https://textbooks.math.gatech.edu/ila/matrix-transformations.html,https://textbooks.math.gatech.edu/ila/knowl/example-79-hidden.html,yes,https://textbooks.math.gatech.edu/ila/demos/Axequalsb.html?show=false&vers=224734,yes
https://textbooks.math.gatech.edu/ila/matrix-transformations.html,https://textbooks.math.gatech.edu/ila/knowl/example-80-hidden.html,yes,"https://textbooks.math.gatech.edu/ila/demos/Axequalsb.html?mat=1,0:0,1:1,0&range2=5&closed=true&show=false&vers=224734",yes
https://textbooks.math.gatech.edu/ila/matrix-transformations.html,https://textbooks.math.gatech.edu/ila/knowl/example-90-hidden.html,yes,https://textbooks.math.gatech.edu/ila/demos/Axequalsb.html?show=false&vers=224734,yes
https://textbooks.math.gatech.edu/ila/matrix-transformations.html,https://textbooks.math.gatech.edu/ila/knowl/example-91-hidden.html,yes,"https://textbooks.math.gatech.edu/ila/demos/Axequalsb.html?mat=1,0:0,1:1,0&range2=5&closed=true&show=false&vers=224734",yes
https://textbooks.math.gatech.edu/ila/matrix-transformations.html,https://textbooks.math.gatech.edu/ila/knowl/matrix-trans-eg-dilation-hidden.html,yes,"https://textbooks.math.gatech.edu/ila/demos/twobytwo.html?mat=1.5,0,0,1.5&closed=true&pic=theo3.jpg&vers=224734",yes
https://textbooks.math.gatech.edu/ila/matrix-transformations.html,https://textbooks.math.gatech.edu/ila/knowl/matrix-trans-eg-identity-hidden.html,yes,"https://textbooks.math.gatech.edu/ila/demos/twobytwo.html?mat=1,0,0,1&closed=true&pic=theo11.jpg&vers=224734",yes
https://textbooks.math.gatech.edu/ila/matrix-transformations.html,https://textbooks.math.gatech.edu/ila/knowl/matrix-trans-eg-projection-hidden.html,yes,"https://textbooks.math.gatech.edu/ila/demos/Axequalsb.html?mat=1,0,0:0,1,0:0,0,0&range2=5&closed=true&vers=224734",yes
https://textbooks.math.gatech.edu/ila/matrix-transformations.html,https://textbooks.math.gatech.edu/ila/knowl/matrix-trans-eg-reflection-hidden.html,yes,"https://textbooks.math.gatech.edu/ila/demos/twobytwo.html?mat=-1,0,0,1&closed=true&vers=224734",yes
https://textbooks.math.gatech.edu/ila/matrix-transformations.html,https://textbooks.math.gatech.edu/ila/knowl/matrix-trans-eg-rotation-hidden.html,yes,"https://textbooks.math.gatech.edu/ila/demos/twobytwo.html?mat=0,-1,1,0&closed=true&pic=theo8.jpg&vers=224734",yes
https://textbooks.math.gatech.edu/ila/matrix-transformations.html,https://textbooks.math.gatech.edu/ila/knowl/matrix-trans-shear-hidden.html,yes,"https://textbooks.math.gatech.edu/ila/demos/twobytwo.html?mat=1,1,0,1&closed=true&pic=sheep.jpg&vers=224734",yes
https://textbooks.math.gatech.edu/ila/one-to-one-onto.html,https://textbooks.math.gatech.edu/ila/knowl/example-108-hidden.html,yes,https://textbooks.math.gatech.edu/ila/demos/Axequalsb.html?show=true&closed=true&vers=224734,yes
https://textbooks.math.gatech.edu/ila/one-to-one-onto.html,https://textbooks.math.gatech.edu/ila/knowl/example-109-hidden.html,yes,"https://textbooks.math.gatech.edu/ila/demos/Axequalsb.html?mat=1,0:0,1:1,0&range2=5&closed=true&show=&vers=224734",yes
https://textbooks.math.gatech.edu/ila/one-to-one-onto.html,https://textbooks.math.gatech.edu/ila/knowl/example-110-hidden.html,yes,"https://textbooks.math.gatech.edu/ila/demos/Axequalsb.html?mat=1,1,0:0,1,1&range2=5&closed=true&show=true&x=1,2,.5&vers=224734",yes
https://textbooks.math.gatech.edu/ila/one-to-one-onto.html,https://textbooks.math.gatech.edu/ila/knowl/example-99-hidden.html,yes,"https://textbooks.math.gatech.edu/ila/demos/Axequalsb.html?mat=1,0,0:0,1,0:0,0,0&range2=5&closed=true&lock=true&x=0,0,0&vers=224734",yes
https://textbooks.math.gatech.edu/ila/one-to-one-onto.html,https://textbooks.math.gatech.edu/ila/knowl/matrix-trans-11-notonto1-hidden.html,yes,"https://textbooks.math.gatech.edu/ila/demos/Axequalsb.html?mat=1,0:0,1:1,0&range2=5&closed=true&show=true&vers=224734",yes
https://textbooks.math.gatech.edu/ila/one-to-one-onto.html,https://textbooks.math.gatech.edu/ila/knowl/matrix-trans-11-notonto1.html,yes,"https://textbooks.math.gatech.edu/ila/demos/Axequalsb.html?mat=1,0:0,1:1,0&range2=5&closed=true&show=true&vers=224734",yes
https://textbooks.math.gatech.edu/ila/one-to-one-onto.html,https://textbooks.math.gatech.edu/ila/knowl/matrix-trans-11-notonto2-hidden.html,yes,"https://textbooks.math.gatech.edu/ila/demos/Axequalsb.html?mat=1,0:0,1:1,0&range2=5&closed=true&show=false&vers=224734",yes
https://textbooks.math.gatech.edu/ila/one-to-one-onto.html,https://textbooks.math.gatech.edu/ila/knowl/matrix-trans-11-notonto2.html,yes,"https://textbooks.math.gatech.edu/ila/demos/Axequalsb.html?mat=1,0:0,1:1,0&range2=5&closed=true&show=false&vers=224734",yes
https://textbooks.math.gatech.edu/ila/one-to-one-onto.html,https://textbooks.math.gatech.edu/ila/knowl/one-to-one-both-11-onto-hidden.html,yes,"https://textbooks.math.gatech.edu/ila/demos/twobytwo.html?mat=0,-1,1,0&closed=true&pic=theo8.jpg&vers=224734",yes
https://textbooks.math.gatech.edu/ila/one-to-one-onto.html,https://textbooks.math.gatech.edu/ila/knowl/one-to-one-both-11-onto.html,yes,"https://textbooks.math.gatech.edu/ila/demos/twobytwo.html?mat=0,-1,1,0&closed=true&pic=theo8.jpg&vers=224734",yes
https://textbooks.math.gatech.edu/ila/one-to-one-onto.html,https://textbooks.math.gatech.edu/ila/knowl/one-to-one-eg-neither1-hidden.html,yes,"https://textbooks.math.gatech.edu/ila/demos/Axequalsb.html?show=true&closed=true&lock=true&x=0,0,0&vers=224734",yes
https://textbooks.math.gatech.edu/ila/one-to-one-onto.html,https://textbooks.math.gatech.edu/ila/knowl/one-to-one-eg-neither1.html,yes,"https://textbooks.math.gatech.edu/ila/demos/Axequalsb.html?show=true&closed=true&lock=true&x=0,0,0&vers=224734",yes
https://textbooks.math.gatech.edu/ila/one-to-one-onto.html,https://textbooks.math.gatech.edu/ila/knowl/one-to-one-eg-neither2-hidden.html,yes,https://textbooks.math.gatech.edu/ila/demos/Axequalsb.html?show=false&closed=true&vers=224734,yes
https://textbooks.math.gatech.edu/ila/one-to-one-onto.html,https://textbooks.math.gatech.edu/ila/knowl/one-to-one-eg-neither2.html,yes,https://textbooks.math.gatech.edu/ila/demos/Axequalsb.html?show=false&closed=true&vers=224734,yes
https://textbooks.math.gatech.edu/ila/one-to-one-onto.html,https://textbooks.math.gatech.edu/ila/knowl/one-to-one-not11-onto1-hidden.html,yes,"https://textbooks.math.gatech.edu/ila/demos/Axequalsb.html?mat=1,1,0:0,1,1&range2=5&closed=true&show=true&lock=true&x=0,0,0&vers=224734",yes
https://textbooks.math.gatech.edu/ila/one-to-one-onto.html,https://textbooks.math.gatech.edu/ila/knowl/one-to-one-not11-onto2-hidden.html,yes,"https://textbooks.math.gatech.edu/ila/demos/Axequalsb.html?mat=1,1,0:0,1,1&range2=5&closed=true&show=false&x=1,2,.5&vers=224734",yes
https://textbooks.math.gatech.edu/ila/one-to-one-onto.html,https://textbooks.math.gatech.edu/ila/knowl/one-to-one-not11-onto2.html,yes,"https://textbooks.math.gatech.edu/ila/demos/Axequalsb.html?mat=1,1,0:0,1,1&range2=5&closed=true&show=false&x=1,2,.5&vers=224734",yes
https://textbooks.math.gatech.edu/ila/orthogonal-complements.html,https://textbooks.math.gatech.edu/ila/knowl/example-248-hidden.html,yes,"https://textbooks.math.gatech.edu/ila/demos/spans.html?v1=2,3&captions=orthog&labels=v&vers=224734",yes
https://textbooks.math.gatech.edu/ila/orthogonal-complements.html,https://textbooks.math.gatech.edu/ila/knowl/example-249-hidden.html,yes,"https://textbooks.math.gatech.edu/ila/demos/spans.html?v1=.3,0,1&captions=orthog&range=3&labels=v&vers=224734",yes
https://textbooks.math.gatech.edu/ila/orthogonal-complements.html,https://textbooks.math.gatech.edu/ila/knowl/example-250-hidden.html,yes,"https://textbooks.math.gatech.edu/ila/demos/spans.html?v1=.957,0,-.287&v2=0,1,0&captions=orthog&range=3&labels=v,w&vers=224734",yes
https://textbooks.math.gatech.edu/ila/orthogonal-complements.html,https://textbooks.math.gatech.edu/ila/knowl/example-252-hidden.html,yes,"https://textbooks.math.gatech.edu/ila/demos/spans.html?v1=1,1,-1&captions=orthog&range=3&labels=v&vers=224734",yes
https://textbooks.math.gatech.edu/ila/orthogonal-complements.html,https://textbooks.math.gatech.edu/ila/knowl/example-253-hidden.html,yes,"https://textbooks.math.gatech.edu/ila/demos/spans.html?v1=1,1,-1&v2=1,1,1&captions=orthog&range=3&labels=v,w&vers=224734",yes
https://textbooks.math.gatech.edu/ila/orthogonal-sets.html,https://textbooks.math.gatech.edu/ila/knowl/example-276-hidden.html,yes,"https://textbooks.math.gatech.edu/ila/demos/projection.html?u1=1,0,0&u2=0,1,0&labels=e1,e2&vec=-1.1,2,1.5&range=3&closed&vers=224734",yes
https://textbooks.math.gatech.edu/ila/orthogonal-sets.html,https://textbooks.math.gatech.edu/ila/knowl/example-277-hidden.html,yes,"https://textbooks.math.gatech.edu/ila/demos/projection.html?u1=1,0,-1&u2=1,1,1&vec=2,3,-2&range=3.5&closed&vers=224734",yes
https://textbooks.math.gatech.edu/ila/orthogonal-sets.html,https://textbooks.math.gatech.edu/ila/knowl/example-279-hidden.html,yes,"https://textbooks.math.gatech.edu/ila/demos/projection.html?u1=1,2&u2=-4,2&vec=0,3&mode=basis&closed&range=4.5&vers=224734",yes
https://textbooks.math.gatech.edu/ila/orthogonal-sets.html,https://textbooks.math.gatech.edu/ila/knowl/example-280-hidden.html,yes,"https://textbooks.math.gatech.edu/ila/demos/projection.html?u1=2,-.5&u2=1,2&vec=1,1&range=3&mode=badbasis&labels=v1,v2&closed&vers=224734",yes
https://textbooks.math.gatech.edu/ila/orthogonal-sets.html,https://textbooks.math.gatech.edu/ila/knowl/projections-eg-xy-plane.html,yes,"https://textbooks.math.gatech.edu/ila/demos/projection.html?u1=1,0,0&u2=0,1,0&vec=-1.1,2,1.5&range=3&mode=decomp&closed&vers=224734",yes
https://textbooks.math.gatech.edu/ila/orthogonal-sets.html,https://textbooks.math.gatech.edu/ila/knowl/projections-onto-line2.html,yes,"https://textbooks.math.gatech.edu/ila/demos/projection.html?u1=3,2&vec=-6,4&labels=u&closed&mode=distance&vers=224734",yes
https://textbooks.math.gatech.edu/ila/orthogonal-sets.html,https://textbooks.math.gatech.edu/ila/knowl/projections-onto-line3.html,yes,"https://textbooks.math.gatech.edu/ila/demos/projection.html?u1=-1,1,1&vec=-2,3,-1&labels=u&range=3.5&closed&vers=224734",yes
https://textbooks.math.gatech.edu/ila/overview.html,,no,"https://textbooks.math.gatech.edu/ila/demos/bestfit-implicit.html?func=x%5E2+A*y%5E2+B*x*y+C*x+D*y+EE&v1=0,2&v2=2,1&v3=1,-1&v4=-1,-2&v5=-3,1&v6=-1,1&range=5&rangez=25&camera1=-2.14,.814,1.69&vers=224734",yes
https://textbooks.math.gatech.edu/ila/overview.html,,no,https://textbooks.math.gatech.edu/ila/demos/rabbits/book_demo.html?vers=224734,yes
https://textbooks.math.gatech.edu/ila/parametric-form.html,https://textbooks.math.gatech.edu/ila/knowl/example-14-hidden.html,yes,https://textbooks.math.gatech.edu/ila/demos/plane.html?vers=224734,yes
https://textbooks.math.gatech.edu/ila/parametric-form.html,https://textbooks.math.gatech.edu/ila/knowl/row-reduction-eg-free.html,yes,https://textbooks.math.gatech.edu/ila/demos/parametric1.html?vers=224734,yes
https://textbooks.math.gatech.edu/ila/parametric-form.html,,no,https://textbooks.math.gatech.edu/ila/demos/parametric1.html?vers=224734,yes
https://textbooks.math.gatech.edu/ila/projections.html,https://textbooks.math.gatech.edu/ila/knowl/example-259-hidden.html,yes,"https://textbooks.math.gatech.edu/ila/demos/projection.html?u1=1,.5&vec=1,-1&range=3&mode=decomp&closed&subname=W&vers=224734",yes
https://textbooks.math.gatech.edu/ila/projections.html,https://textbooks.math.gatech.edu/ila/knowl/example-260-hidden.html,yes,"https://textbooks.math.gatech.edu/ila/demos/projection.html?u1=1,0,0&u2=0,1.1,-.2&vec=-1.1,2,1.5&range=3&mode=decomp&closed&vers=224734",yes
https://textbooks.math.gatech.edu/ila/projections.html,https://textbooks.math.gatech.edu/ila/knowl/example-261-hidden.html,yes,"https://textbooks.math.gatech.edu/ila/demos/projection.html?u1=0,1.1,.2&vec=-1.1,2,1.5&range=3&mode=decomp&closed&subname=W&vers=224734",yes
https://textbooks.math.gatech.edu/ila/projections.html,https://textbooks.math.gatech.edu/ila/knowl/projections-eg-xy-plane-hidden.html,yes,"https://textbooks.math.gatech.edu/ila/demos/projection.html?u1=1,0,0&u2=0,1,0&vec=-1.1,2,1.5&range=3&mode=decomp&closed&vers=224734",yes
https://textbooks.math.gatech.edu/ila/projections.html,https://textbooks.math.gatech.edu/ila/knowl/projections-onto-line2-hidden.html,yes,"https://textbooks.math.gatech.edu/ila/demos/projection.html?u1=3,2&vec=-6,4&labels=u&closed&mode=distance&vers=224734",yes
https://textbooks.math.gatech.edu/ila/projections.html,https://textbooks.math.gatech.edu/ila/knowl/projections-onto-line3-hidden.html,yes,"https://textbooks.math.gatech.edu/ila/demos/projection.html?u1=-1,1,1&vec=-2,3,-1&labels=u&range=3.5&closed&vers=224734",yes
https://textbooks.math.gatech.edu/ila/projections.html,https://textbooks.math.gatech.edu/ila/knowl/projections-onto-plane-2-hidden.html,yes,"https://textbooks.math.gatech.edu/ila/demos/projection.html?u1=1,1,-1&u2=1,0,1&vec=1,1,1&labels=v1,v2&range=3.5&closed&mode=decomp&vers=224734",yes
https://textbooks.math.gatech.edu/ila/projections.html,https://textbooks.math.gatech.edu/ila/knowl/projections-onto-plane-hidden.html,yes,"https://textbooks.math.gatech.edu/ila/demos/projection.html?u1=1,0,-1&u2=-1,-2,-1&vec=1,2,3&labels=v1,v2&range=3.5&closed&mode=decomp&vers=224734",yes
https://textbooks.math.gatech.edu/ila/projections.html,https://textbooks.math.gatech.edu/ila/knowl/projections-onto-plane.html,yes,"https://textbooks.math.gatech.edu/ila/demos/projection.html?u1=1,0,-1&u2=-1,-2,-1&vec=1,2,3&labels=v1,v2&range=3.5&closed&mode=decomp&vers=224734",yes
https://textbooks.math.gatech.edu/ila/rank-thm.html,https://textbooks.math.gatech.edu/ila/knowl/example-77-hidden.html,yes,https://textbooks.math.gatech.edu/ila/demos/Axequalsb.html?captions=rankthm&vers=224734,yes
https://textbooks.math.gatech.edu/ila/rank-thm.html,https://textbooks.math.gatech.edu/ila/knowl/example-78-hidden.html,yes,"https://textbooks.math.gatech.edu/ila/demos/Axequalsb.html?mat=1,-1,2:-1,2,4&captions=rankthm&vers=224734",yes
https://textbooks.math.gatech.edu/ila/rank-thm.html,https://textbooks.math.gatech.edu/ila/knowl/solnsets-line-plane.html,yes,"https://textbooks.math.gatech.edu/ila/demos/Axequalsb.html?mat=1,0,-1:0,1,1:1,1,0&vers=224734",yes
https://textbooks.math.gatech.edu/ila/row-reduction.html,https://textbooks.math.gatech.edu/ila/knowl/row-reduction-eg1-hidden.html,yes,https://textbooks.math.gatech.edu/ila/demos/rowred2.html?vers=224734,yes
https://textbooks.math.gatech.edu/ila/row-reduction.html,https://textbooks.math.gatech.edu/ila/knowl/row-reduction-eg1.html,yes,https://textbooks.math.gatech.edu/ila/demos/rowred2.html?vers=224734,yes
https://textbooks.math.gatech.edu/ila/similarity.html,https://textbooks.math.gatech.edu/ila/knowl/diagonal-eg-22.html,yes,"https://textbooks.math.gatech.edu/ila/demos/eigenspace.html?mat=1/2,3/2:3/2,1/2&nomult&vers=224734",yes
https://textbooks.math.gatech.edu/ila/similarity.html,https://textbooks.math.gatech.edu/ila/knowl/example-203-hidden.html,yes,"https://textbooks.math.gatech.edu/ila/demos/eigenspace.html?mat=-8/5,-9/5:6/5,13/5&nomult&vers=224734",yes
https://textbooks.math.gatech.edu/ila/similarity.html,https://textbooks.math.gatech.edu/ila/knowl/example-204-hidden.html,yes,"https://textbooks.math.gatech.edu/ila/demos/eigenspace.html?mat=-1,0,0:-1,0,2:-1,1,1&nomult&vers=224734",yes
https://textbooks.math.gatech.edu/ila/similarity.html,https://textbooks.math.gatech.edu/ila/knowl/similarity-33-eg-hidden.html,yes,"https://textbooks.math.gatech.edu/ila/demos/similarity.html?B=-1,0,0:0,-1,0:0,0,2&C=-1,1,0:1,1,1:-1,0,1&closed&vers=224734",yes
https://textbooks.math.gatech.edu/ila/similarity.html,https://textbooks.math.gatech.edu/ila/knowl/similarity-33-eg.html,yes,"https://textbooks.math.gatech.edu/ila/demos/similarity.html?B=-1,0,0:0,-1,0:0,0,2&C=-1,1,0:1,1,1:-1,0,1&closed&vers=224734",yes
https://textbooks.math.gatech.edu/ila/similarity.html,https://textbooks.math.gatech.edu/ila/knowl/similarity-another-matrix-hidden.html,yes,"https://textbooks.math.gatech.edu/ila/demos/similarity.html?B=2,0:0,-1&C=-1/2,-3/2:1,1/2&closed&vers=224734",yes
https://textbooks.math.gatech.edu/ila/similarity.html,https://textbooks.math.gatech.edu/ila/knowl/similarity-another-matrix.html,yes,"https://textbooks.math.gatech.edu/ila/demos/similarity.html?B=2,0:0,-1&C=-1/2,-3/2:1,1/2&closed&vers=224734",yes
https://textbooks.math.gatech.edu/ila/similarity.html,https://textbooks.math.gatech.edu/ila/knowl/similarity-eg-rotation-hidden.html,yes,"https://textbooks.math.gatech.edu/ila/demos/similarity.html?B=0,-1:1,0&C=2,-1/2:1,1/2&snap=off&vers=224734",yes
https://textbooks.math.gatech.edu/ila/similarity.html,,no,"https://textbooks.math.gatech.edu/ila/demos/dynamics2.html?mat=2,0:0,1/2&v1=2/3,1&v2=-1,1&y=1,5&vers=224734",yes
https://textbooks.math.gatech.edu/ila/similarity.html,,no,"https://textbooks.math.gatech.edu/ila/demos/eigenspace.html?mat=1/2,3/2:3/2,1/2&nomult&vers=224734",yes
https://textbooks.math.gatech.edu/ila/similarity.html,,no,"https://textbooks.math.gatech.edu/ila/demos/similarity.html?B=2,0:0,-1&C=1,1:1,-1&closed&vers=224734",yes
https://textbooks.math.gatech.edu/ila/solution-sets.html,https://textbooks.math.gatech.edu/ila/knowl/example-40-hidden.html,yes,"https://textbooks.math.gatech.edu/ila/demos/Axequalsb.html?mat=1,3:2,6&x=1,1&vers=224734",yes
https://textbooks.math.gatech.edu/ila/solution-sets.html,https://textbooks.math.gatech.edu/ila/knowl/example-41-hidden.html,yes,https://textbooks.math.gatech.edu/ila/demos/Axequalsb.html?vers=224734,yes
https://textbooks.math.gatech.edu/ila/solution-sets.html,https://textbooks.math.gatech.edu/ila/knowl/solnsets-eg-line-hidden.html,yes,"https://textbooks.math.gatech.edu/ila/demos/Axequalsb.html?lock=true&x=3,1&mat=1,-3:2,-6&range2=5&closed=true&vers=224734",yes
https://textbooks.math.gatech.edu/ila/solution-sets.html,https://textbooks.math.gatech.edu/ila/knowl/solnsets-eg-line.html,yes,"https://textbooks.math.gatech.edu/ila/demos/Axequalsb.html?lock=true&x=3,1&mat=1,-3:2,-6&range2=5&closed=true&vers=224734",yes
https://textbooks.math.gatech.edu/ila/solution-sets.html,https://textbooks.math.gatech.edu/ila/knowl/solnsets-eg-line2-hidden.html,yes,"https://textbooks.math.gatech.edu/ila/demos/Axequalsb.html?x=-3,0&mat=1,-3:2,-6&lock=true&closed=true&vers=224734",yes
https://textbooks.math.gatech.edu/ila/solution-sets.html,https://textbooks.math.gatech.edu/ila/knowl/solnsets-eg-line2.html,yes,"https://textbooks.math.gatech.edu/ila/demos/Axequalsb.html?x=-3,0&mat=1,-3:2,-6&lock=true&closed=true&vers=224734",yes
https://textbooks.math.gatech.edu/ila/solution-sets.html,https://textbooks.math.gatech.edu/ila/knowl/solnsets-eg-plane-hidden.html,yes,"https://textbooks.math.gatech.edu/ila/demos/Axequalsb.html?lock=true&closed=true&x=0,0,0&vers=224734",yes
https://textbooks.math.gatech.edu/ila/solution-sets.html,https://textbooks.math.gatech.edu/ila/knowl/solnsets-eg-plane.html,yes,"https://textbooks.math.gatech.edu/ila/demos/Axequalsb.html?lock=true&closed=true&x=0,0,0&vers=224734",yes
https://textbooks.math.gatech.edu/ila/solution-sets.html,https://textbooks.math.gatech.edu/ila/knowl/solnsets-eg-plane2-hidden.html,yes,"https://textbooks.math.gatech.edu/ila/demos/Axequalsb.html?lock=true&closed=true&range1=3&x=1,0,0&vers=224734",yes
https://textbooks.math.gatech.edu/ila/solution-sets.html,https://textbooks.math.gatech.edu/ila/knowl/solnsets-eg-plane2.html,yes,"https://textbooks.math.gatech.edu/ila/demos/Axequalsb.html?lock=true&closed=true&range1=3&x=1,0,0&vers=224734",yes
https://textbooks.math.gatech.edu/ila/solution-sets.html,https://textbooks.math.gatech.edu/ila/knowl/solnsets-line-plane-hidden.html,yes,"https://textbooks.math.gatech.edu/ila/demos/Axequalsb.html?mat=1,0,-1:0,1,1:1,1,0&vers=224734",yes
https://textbooks.math.gatech.edu/ila/spans.html,https://textbooks.math.gatech.edu/ila/knowl/example-24-hidden.html,yes,"https://textbooks.math.gatech.edu/ila/demos/spans.html?v1=1,2&v2=1,0&showPlane=true&range=5&labels=v,w&vers=224734",yes
https://textbooks.math.gatech.edu/ila/spans.html,https://textbooks.math.gatech.edu/ila/knowl/example-25-hidden.html,yes,"https://textbooks.math.gatech.edu/ila/demos/spans.html?v1=3,2,4&v2=-4,2,1&labels=v,w&vers=224734",yes
https://textbooks.math.gatech.edu/ila/spans.html,https://textbooks.math.gatech.edu/ila/knowl/example-26-hidden.html,yes,"https://textbooks.math.gatech.edu/ila/demos/spans.html?labels=v,w,u&vers=224734",yes
https://textbooks.math.gatech.edu/ila/spans.html,https://textbooks.math.gatech.edu/ila/knowl/vectors-figure-consistent.html,yes,"https://textbooks.math.gatech.edu/ila/demos/spans.html?v1=1,2,6&v2=-1,-2,-1&target=8,16,3&range=20&camera=3,.5,1.5&vers=224734",yes
https://textbooks.math.gatech.edu/ila/spans.html,,no,"https://textbooks.math.gatech.edu/ila/demos/spans.html?v1=1,2,6&v2=-1,-2,-1&target=2,-2,0&range=8&camera=3,.5,1.5&vers=224734",yes
https://textbooks.math.gatech.edu/ila/spans.html,,no,"https://textbooks.math.gatech.edu/ila/demos/spans.html?v1=1,2,6&v2=-1,-2,-1&target=8,16,3&range=20&camera=3,.5,1.5&vers=224734",yes
https://textbooks.math.gatech.edu/ila/stochastic-matrices.html,https://textbooks.math.gatech.edu/ila/knowl/example-238-hidden.html,yes,https://textbooks.math.gatech.edu/ila/demos/rabbits/book_demo.html?vers=224734,yes
https://textbooks.math.gatech.edu/ila/stochastic-matrices.html,https://textbooks.math.gatech.edu/ila/knowl/example-239-hidden.html,yes,"https://textbooks.math.gatech.edu/ila/demos/dynamics2.html?mat=1,0:0,1/2&v1=1,1&v2=1,-1&vec=false&path=false&vers=224734",yes
https://textbooks.math.gatech.edu/ila/stochastic-matrices.html,,no,"https://textbooks.math.gatech.edu/ila/demos/dynamics2.html?mat=1,0:0,-1/5&eigenz=1/10&v1=7/4,6/4,5/4&v2=-1/4,0,1/4&v3=1/4,-3/4,2/4&vec=false&path=false&vers=224734",yes
https://textbooks.math.gatech.edu/ila/systems-of-eqns.html,https://textbooks.math.gatech.edu/ila/knowl/example-1-hidden.html,yes,https://textbooks.math.gatech.edu/ila/demos/point.html?vers=224734,yes
https://textbooks.math.gatech.edu/ila/systems-of-eqns.html,https://textbooks.math.gatech.edu/ila/knowl/systems-eqns-two-planes.html,yes,https://textbooks.math.gatech.edu/ila/demos/planes.html?vers=224734,yes
https://textbooks.math.gatech.edu/ila/systems-of-eqns.html,,no,https://textbooks.math.gatech.edu/ila/demos/parametric2.html?vers=224734,yes
https://textbooks.math.gatech.edu/ila/systems-of-eqns.html,,no,"https://textbooks.math.gatech.edu/ila/demos/plane.html?coeffs=t,w&range=5&vers=224734",yes
https://textbooks.math.gatech.edu/ila/systems-of-eqns.html,,no,https://textbooks.math.gatech.edu/ila/demos/planes.html?vers=224734,yes
https://textbooks.math.gatech.edu/ila/vectors.html,https://textbooks.math.gatech.edu/ila/knowl/example-15-hidden.html,yes,https://textbooks.math.gatech.edu/ila/demos/vector.html?vers=224734,yes
https://textbooks.math.gatech.edu/ila/vectors.html,https://textbooks.math.gatech.edu/ila/knowl/example-17-hidden.html,yes,https://textbooks.math.gatech.edu/ila/demos/vector-add.html?vers=224734,yes
https://textbooks.math.gatech.edu/ila/vectors.html,https://textbooks.math.gatech.edu/ila/knowl/example-18-hidden.html,yes,https://textbooks.math.gatech.edu/ila/demos/vector-sub.html?vers=224734,yes
https://textbooks.math.gatech.edu/ila/vectors.html,https://textbooks.math.gatech.edu/ila/knowl/example-19-hidden.html,yes,https://textbooks.math.gatech.edu/ila/demos/vector-mul.html?vers=224734,yes
https://textbooks.math.gatech.edu/ila/vectors.html,https://textbooks.math.gatech.edu/ila/knowl/example-21-hidden.html,yes,"https://textbooks.math.gatech.edu/ila/demos/spans.html?v1=2,-1,1&v2=1,1,-1&v3=-1,1,4&range=5&captions=combo&vers=224734",yes
https://textbooks.math.gatech.edu/ila/vectors.html,https://textbooks.math.gatech.edu/ila/knowl/example-22-hidden.html,yes,"https://textbooks.math.gatech.edu/ila/demos/spans.html?v1=2,2&v2=-1,-1&range=5&captions=combo&grid=disabled&vers=224734",yes
https://textbooks.math.gatech.edu/ila/vectors.html,,no,"https://textbooks.math.gatech.edu/ila/demos/spans.html?v1=1,2&v2=1,0&range=5&captions=combo&vers=224734",yes
